,label,a1,a2,a3,a4,b1,b2,b3,b4,c1,c2,c3,c4,d1,d2,d3,d4
0,0,True,False,False,False,True,False,False,False,True,False,False,False,False,True,False,False
1,0,True,False,False,False,True,False,False,False,True,False,False,False,False,False,True,False
2,0,True,False,False,False,True,False,False,False,True,False,False,False,False,False,False,True
3,0,True,False,False,False,True,False,False,False,True,False,False,False,False,False,False,False
4,0,True,False,False,False,True,False,False,False,False,True,False,False,True,False,False,False
5,0,True,False,False,False,True,False,False,False,False,True,False,False,False,True,False,False
6,0,True,False,False,False,True,False,False,False,False,True,False,False,False,False,True,False
7,0,True,False,False,False,True,False,False,False,False,True,False,False,False,False,False,True
8,0,True,False,False,False,True,False,False,False,False,True,False,False,False,False,False,False
9,0,True,False,False,False,True,False,False,False,False,False,True,False,True,False,False,False
10,0,True,False,False,False,True,False,False,False,False,False,True,False,False,True,False,False
11,0,True,False,False,False,True,False,False,False,False,False,True,False,False,False,True,False
12,0,True,False,False,False,True,False,False,False,False,False,True,False,False,False,False,True
13,0,True,False,False,False,True,False,False,False,False,False,True,False,False,False,False,False
14,0,True,False,False,False,True,False,False,False,False,False,False,True,True,False,False,False
15,0,True,False,False,False,True,False,False,False,False,False,False,True,False,True,False,False
16,0,True,False,False,False,True,False,False,False,False,False,False,True,False,False,True,False
17,0,True,False,False,False,True,False,False,False,False,False,False,True,False,False,False,True
18,0,True,False,False,False,True,False,False,False,False,False,False,True,False,False,False,False
19,0,True,False,False,False,True,False,False,False,False,False,False,False,True,False,False,False
20,0,True,False,False,False,True,False,False,False,False,False,False,False,False,True,False,False
21,0,True,False,False,False,True,False,False,False,False,False,False,False,False,False,True,False
22,0,True,False,False,False,True,False,False,False,False,False,False,False,False,False,False,True
23,0,True,False,False,False,True,False,False,False,False,False,False,False,False,False,False,False
24,0,True,False,False,False,False,True,False,False,True,False,False,False,True,False,False,False
25,1,True,False,False,False,False,True,False,False,True,False,False,False,False,True,False,False
26,0,True,False,False,False,False,True,False,False,True,False,False,False,False,False,True,False
27,0,True,False,False,False,False,True,False,False,True,False,False,False,False,False,False,True
28,0,True,False,False,False,False,True,False,False,True,False,False,False,False,False,False,False
29,1,True,False,False,False,False,True,False,False,False,True,False,False,True,False,False,False
30,0,True,False,False,False,False,True,False,False,False,True,False,False,False,True,False,False
31,0,True,False,False,False,False,True,False,False,False,True,False,False,False,False,True,False
32,0,True,False,False,False,False,True,False,False,False,True,False,False,False,False,False,True
33,0,True,False,False,False,False,True,False,False,False,True,False,False,False,False,False,False
34,0,True,False,False,False,False,True,False,False,False,False,True,False,True,False,False,False
35,0,True,False,False,False,False,True,False,False,False,False,True,False,False,True,False,False
36,0,True,False,False,False,False,True,False,False,False,False,True,False,False,False,True,False
37,0,True,False,False,False,False,True,False,False,False,False,True,False,False,False,False,True
38,0,True,False,False,False,False,True,False,False,False,False,True,False,False,False,False,False
39,0,True,False,False,False,False,True,False,False,False,False,False,True,True,False,False,False
40,0,True,False,False,False,False,True,False,False,False,False,False,True,False,True,False,False
41,0,True,False,False,False,False,True,False,False,False,False,False,True,False,False,True,False
42,0,True,False,False,False,False,True,False,False,False,False,False,True,False,False,False,True
43,0,True,False,False,False,False,True,False,False,False,False,False,True,False,False,False,False
44,0,True,False,False,False,False,True,False,False,False,False,False,False,True,False,False,False
45,0,True,False,False,False,False,True,False,False,False,False,False,False,False,True,False,False
46,0,True,False,False,False,False,True,False,False,False,False,False,False,False,False,True,False
47,0,True,False,False,False,False,True,False,False,False,False,False,False,False,False,False,True
48,0,True,False,False,False,False,True,False,False,False,False,False,False,False,False,False,False
49,0,True,False,False,False,False,False,True,False,True,False,False,False,True,False,False,False
50,0,True,False,False,False,False,False,True,False,True,False,False,False,False,True,False,False
51,1,True,False,False,False,False,False,True,False,True,False,False,False,False,False,True,False
52,0,True,False,False,False,False,False,True,False,True,False,False,False,False,False,False,True
53,0,True,False,False,False,False,False,True,False,True,False,False,False,False,False,False,False
54,0,True,False,False,False,False,False,True,False,False,True,False,False,True,False,False,False
55,0,True,False,False,False,False,False,True,False,False,True,False,False,False,True,False,False
56,0,True,False,False,False,False,False,True,False,False,True,False,False,False,False,True,False
57,0,True,False,False,False,False,False,True,False,False,True,False,False,False,False,False,True
58,0,True,False,False,False,False,False,True,False,False,True,False,False,False,False,False,False
59,1,True,False,False,False,False,False,True,False,False,False,True,False,True,False,False,False
60,0,True,False,False,False,False,False,True,False,False,False,True,False,False,True,False,False
61,0,True,False,False,False,False,False,True,False,False,False,True,False,False,False,True,False
62,0,True,False,False,False,False,False,True,False,False,False,True,False,False,False,False,True
63,0,True,False,False,False,False,False,True,False,False,False,True,False,False,False,False,False
64,0,True,False,False,False,False,False,True,False,False,False,False,True,True,False,False,False
65,0,True,False,False,False,False,False,True,False,False,False,False,True,False,True,False,False
66,0,True,False,False,False,False,False,True,False,False,False,False,True,False,False,True,False
67,0,True,False,False,False,False,False,True,False,False,False,False,True,False,False,False,True
68,0,True,False,False,False,False,False,True,False,False,False,False,True,False,False,False,False
69,0,True,False,False,False,False,False,True,False,False,False,False,False,True,False,False,False
70,0,True,False,False,False,False,False,True,False,False,False,False,False,False,True,False,False
71,0,True,False,False,False,False,False,True,False,False,False,False,False,False,False,True,False
72,0,True,False,False,False,False,False,True,False,False,False,False,False,False,False,False,True
73,0,True,False,False,False,False,False,True,False,False,False,False,False,False,False,False,False
74,0,True,False,False,False,False,False,False,True,True,False,False,False,True,False,False,False
75,0,True,False,False,False,False,False,False,True,True,False,False,False,False,True,False,False
76,0,True,False,False,False,False,False,False,True,True,False,False,False,False,False,True,False
77,1,True,False,False,False,False,False,False,True,True,False,False,False,False,False,False,True
78,0,True,False,False,False,False,False,False,True,True,False,False,False,False,False,False,False
79,0,True,False,False,False,False,False,False,True,False,True,False,False,True,False,False,False
80,1,True,False,False,False,False,False,False,True,False,True,False,False,False,True,False,False
81,0,True,False,False,False,False,False,False,True,False,True,False,False,False,False,True,False
82,0,True,False,False,False,False,False,False,True,False,True,False,False,False,False,False,True
83,0,True,False,False,False,False,False,False,True,False,True,False,False,False,False,False,False
84,0,True,False,False,False,False,False,False,True,False,False,True,False,True,False,False,False
85,0,True,False,False,False,False,False,False,True,False,False,True,False,False,True,False,False
86,0,True,False,False,False,False,False,False,True,False,False,True,False,False,False,True,False
87,0,True,False,False,False,False,False,False,True,False,False,True,False,False,False,False,True
88,0,True,False,False,False,False,False,False,True,False,False,True,False,False,False,False,False
89,1,True,False,False,False,False,False,False,True,False,False,False,True,True,False,False,False
90,0,True,False,False,False,False,False,False,True,False,False,False,True,False,True,False,False
91,0,True,False,False,False,False,False,False,True,False,False,False,True,False,False,True,False
92,0,True,False,False,False,False,False,False,True,False,False,False,True,False,False,False,True
93,0,True,False,False,False,False,False,False,True,False,False,False,True,False,False,False,False
94,0,True,False,False,False,False,False,False,True,False,False,False,False,True,False,False,False
95,0,True,False,False,False,False,False,False,True,False,False,False,False,False,True,False,False
96,0,True,False,False,False,False,False,False,True,False,False,False,False,False,False,True,False
97,0,True,False,False,False,False,False,False,True,False,False,False,False,False,False,False,True
98,0,True,False,False,False,False,False,False,True,False,False,False,False,False,False,False,False
99,0,True,False,False,False,False,False,False,False,True,False,False,False,True,False,False,False
100,0,True,False,False,False,False,False,False,False,True,False,False,False,False,True,False,False
101,0,True,False,False,False,False,False,False,False,True,False,False,False,False,False,True,False
102,0,True,False,False,False,False,False,False,False,True,False,False,False,False,False,False,True
103,1,True,False,False,False,False,False,False,False,True,False,False,False,False,False,False,False
104,0,True,False,False,False,False,False,False,False,False,True,False,False,True,False,False,False
105,0,True,False,False,False,False,False,False,False,False,True,False,False,False,True,False,False
106,0,True,False,False,False,False,False,False,False,False,True,False,False,False,False,True,False
107,0,True,False,False,False,False,False,False,False,False,True,False,False,False,False,False,True
108,0,True,False,False,False,False,False,False,False,False,True,False,False,False,False,False,False
109,0,True,False,False,False,False,False,False,False,False,False,True,False,True,False,False,False
110,0,True,False,False,False,False,False,False,False,False,False,True,False,False,True,False,False
111,0,True,False,False,False,False,False,False,False,False,False,True,False,False,False,True,False
112,0,True,False,False,False,False,False,False,False,False,False,True,False,False,False,False,True
113,0,True,False,False,False,False,False,False,False,False,False,True,False,False,False,False,False
114,0,True,False,False,False,False,False,False,False,False,False,False,True,True,False,False,False
115,0,True,False,False,False,False,False,False,False,False,False,False,True,False,True,False,False
116,0,True,False,False,False,False,False,False,False,False,False,False,True,False,False,True,False
117,0,True,False,False,False,False,False,False,False,False,False,False,True,False,False,False,True
118,0,True,False,False,False,False,False,False,False,False,False,False,True,False,False,False,False
119,1,True,False,False,False,False,False,False,False,False,False,False,False,True,False,False,False
120,0,True,False,False,False,False,False,False,False,False,False,False,False,False,True,False,False
121,0,True,False,False,False,False,False,False,False,False,False,False,False,False,False,True,False
122,0,True,False,False,False,False,False,False,False,False,False,False,False,False,False,False,True
123,0,True,False,False,False,False,False,False,False,False,False,False,False,False,False,False,False
124,0,False,True,False,False,True,False,False,False,True,False,False,False,True,False,False,False
125,1,False,True,False,False,True,False,False,False,True,False,False,False,False,True,False,False
126,0,False,True,False,False,True,False,False,False,True,False,False,False,False,False,True,False
127,0,False,True,False,False,True,False,False,False,True,False,False,False,False,False,False,True
128,0,False,True,False,False,True,False,False,False,True,False,False,False,False,False,False,False
129,1,False,True,False,False,True,False,False,False,False,True,False,False,True,False,False,False
130,0,False,True,False,False,True,False,False,False,False,True,False,False,False,True,False,False
131,0,False,True,False,False,True,False,False,False,False,True,False,False,False,False,True,False
132,0,False,True,False,False,True,False,False,False,False,True,False,False,False,False,False,True
133,0,False,True,False,False,True,False,False,False,False,True,False,False,False,False,False,False
134,0,False,True,False,False,True,False,False,False,False,False,True,False,True,False,False,False
135,0,False,True,False,False,True,False,False,False,False,False,True,False,False,True,False,False
136,0,False,True,False,False,True,False,False,False,False,False,True,False,False,False,True,False
137,0,False,True,False,False,True,False,False,False,False,False,True,False,False,False,False,True
138,0,False,True,False,False,True,False,False,False,False,False,True,False,False,False,False,False
139,0,False,True,False,False,True,False,False,False,False,False,False,True,True,False,False,False
140,0,False,True,False,False,True,False,False,False,False,False,False,True,False,True,False,False
141,0,False,True,False,False,True,False,False,False,False,False,False,True,False,False,True,False
142,0,False,True,False,False,True,False,False,False,False,False,False,True,False,False,False,True
143,0,False,True,False,False,True,False,False,False,False,False,False,True,False,False,False,False
144,0,False,True,False,False,True,False,False,False,False,False,False,False,True,False,False,False
145,0,False,True,False,False,True,False,False,False,False,False,False,False,False,True,False,False
146,0,False,True,False,False,True,False,False,False,False,False,False,False,False,False,True,False
147,0,False,True,False,False,True,False,False,False,False,False,False,False,False,False,False,True
148,0,False,True,False,False,True,False,False,False,False,False,False,False,False,False,False,False
149,0,False,True,False,False,False,True,False,False,True,False,False,False,True,False,False,False
150,0,False,True,False,False,False,True,False,False,True,False,False,False,False,True,False,False
151,0,False,True,False,False,False,True,False,False,True,False,False,False,False,False,True,False
152,1,False,True,False,False,False,True,False,False,True,False,False,False,False,False,False,True
153,0,False,True,False,False,False,True,False,False,True,False,False,False,False,False,False,False
154,0,False,True,False,False,False,True,False,False,False,True,False,False,True,False,False,False
155,1,False,True,False,False,False,True,False,False,False,True,False,False,False,True,False,False
156,0,False,True,False,False,False,True,False,False,False,True,False,False,False,False,True,False
157,0,False,True,False,False,False,True,False,False,False,True,False,False,False,False,False,True
158,0,False,True,False,False,False,True,False,False,False,True,False,False,False,False,False,False
159,0,False,True,False,False,False,True,False,False,False,False,True,False,True,False,False,False
160,0,False,True,False,False,False,True,False,False,False,False,True,False,False,True,False,False
161,0,False,True,False,False,False,True,False,False,False,False,True,False,False,False,True,False
162,0,False,True,False,False,False,True,False,False,False,False,True,False,False,False,False,True
163,0,False,True,False,False,False,True,False,False,False,False,True,False,False,False,False,False
164,1,False,True,False,False,False,True,False,False,False,False,False,True,True,False,False,False
165,0,False,True,False,False,False,True,False,False,False,False,False,True,False,True,False,False
166,0,False,True,False,False,False,True,False,False,False,False,False,True,False,False,True,False
167,0,False,True,False,False,False,True,False,False,False,False,False,True,False,False,False,True
168,0,False,True,False,False,False,True,False,False,False,False,False,True,False,False,False,False
169,0,False,True,False,False,False,True,False,False,False,False,False,False,True,False,False,False
170,0,False,True,False,False,False,True,False,False,False,False,False,False,False,True,False,False
171,0,False,True,False,False,False,True,False,False,False,False,False,False,False,False,True,False
172,0,False,True,False,False,False,True,False,False,False,False,False,False,False,False,False,True
173,0,False,True,False,False,False,True,False,False,False,False,False,False,False,False,False,False
174,0,False,True,False,False,False,False,True,False,True,False,False,False,True,False,False,False
175,0,False,True,False,False,False,False,True,False,True,False,False,False,False,True,False,False
176,0,False,True,False,False,False,False,True,False,True,False,False,False,False,False,True,False
177,0,False,True,False,False,False,False,True,False,True,False,False,False,False,False,False,True
178,0,False,True,False,False,False,False,True,False,True,False,False,False,False,False,False,False
179,0,False,True,False,False,False,False,True,False,False,True,False,False,True,False,False,False
180,0,False,True,False,False,False,False,True,False,False,True,False,False,False,True,False,False
181,1,False,True,False,False,False,False,True,False,False,True,False,False,False,False,True,False
182,0,False,True,False,False,False,False,True,False,False,True,False,False,False,False,False,True
183,0,False,True,False,False,False,False,True,False,False,True,False,False,False,False,False,False
184,0,False,True,False,False,False,False,True,False,False,False,True,False,True,False,False,False
185,1,False,True,False,False,False,False,True,False,False,False,True,False,False,True,False,False
186,0,False,True,False,False,False,False,True,False,False,False,True,False,False,False,True,False
187,0,False,True,False,False,False,False,True,False,False,False,True,False,False,False,False,True
188,0,False,True,False,False,False,False,True,False,False,False,True,False,False,False,False,False
189,0,False,True,False,False,False,False,True,False,False,False,False,True,True,False,False,False
190,0,False,True,False,False,False,False,True,False,False,False,False,True,False,True,False,False
191,0,False,True,False,False,False,False,True,False,False,False,False,True,False,False,True,False
192,0,False,True,False,False,False,False,True,False,False,False,False,True,False,False,False,True
193,0,False,True,False,False,False,False,True,False,False,False,False,True,False,False,False,False
194,0,False,True,False,False,False,False,True,False,False,False,False,False,True,False,False,False
195,0,False,True,False,False,False,False,True,False,False,False,False,False,False,True,False,False
196,0,False,True,False,False,False,False,True,False,False,False,False,False,False,False,True,False
197,0,False,True,False,False,False,False,True,False,False,False,False,False,False,False,False,True
198,0,False,True,False,False,False,False,True,False,False,False,False,False,False,False,False,False
199,0,False,True,False,False,False,False,False,True,True,False,False,False,True,False,False,False
200,0,False,True,False,False,False,False,False,True,True,False,False,False,False,True,False,False
201,0,False,True,False,False,False,False,False,True,True,False,False,False,False,False,True,False
202,0,False,True,False,False,False,False,False,True,True,False,False,False,False,False,False,True
203,0,False,True,False,False,False,False,False,True,True,False,False,False,False,False,False,False
204,0,False,True,False,False,False,False,False,True,False,True,False,False,True,False,False,False
205,0,False,True,False,False,False,False,False,True,False,True,False,False,False,True,False,False
206,0,False,True,False,False,False,False,False,True,False,True,False,False,False,False,True,False
207,1,False,True,False,False,False,False,False,True,False,True,False,False,False,False,False,True
208,0,False,True,False,False,False,False,False,True,False,True,False,False,False,False,False,False
209,0,False,True,False,False,False,False,False,True,False,False,True,False,True,False,False,False
210,0,False,True,False,False,False,False,False,True,False,False,True,False,False,True,False,False
211,0,False,True,False,False,False,False,False,True,False,False,True,False,False,False,True,False
212,0,False,True,False,False,False,False,False,True,False,False,True,False,False,False,False,True
213,0,False,True,False,False,False,False,False,True,False,False,True,False,False,False,False,False
214,0,False,True,False,False,False,False,False,True,False,False,False,True,True,False,False,False
215,1,False,True,False,False,False,False,False,True,False,False,False,True,False,True,False,False
216,0,False,True,False,False,False,False,False,True,False,False,False,True,False,False,True,False
217,0,False,True,False,False,False,False,False,True,False,False,False,True,False,False,False,True
218,0,False,True,False,False,False,False,False,True,False,False,False,True,False,False,False,False
219,0,False,True,False,False,False,False,False,True,False,False,False,False,True,False,False,False
220,0,False,True,False,False,False,False,False,True,False,False,False,False,False,True,False,False
221,0,False,True,False,False,False,False,False,True,False,False,False,False,False,False,True,False
222,0,False,True,False,False,False,False,False,True,False,False,False,False,False,False,False,True
223,0,False,True,False,False,False,False,False,True,False,False,False,False,False,False,False,False
224,0,False,True,False,False,False,False,False,False,True,False,False,False,True,False,False,False
225,0,False,True,False,False,False,False,False,False,True,False,False,False,False,True,False,False
226,0,False,True,False,False,False,False,False,False,True,False,False,False,False,False,True,False
227,0,False,True,False,False,False,False,False,False,True,False,False,False,False,False,False,True
228,0,False,True,False,False,False,False,False,False,True,False,False,False,False,False,False,False
229,0,False,True,False,False,False,False,False,False,False,True,False,False,True,False,False,False
230,0,False,True,False,False,False,False,False,False,False,True,False,False,False,True,False,False
231,0,False,True,False,False,False,False,False,False,False,True,False,False,False,False,True,False
232,0,False,True,False,False,False,False,False,False,False,True,False,False,False,False,False,True
233,1,False,True,False,False,False,False,False,False,False,True,False,False,False,False,False,False
234,0,False,True,False,False,False,False,False,False,False,False,True,False,True,False,False,False
235,0,False,True,False,False,False,False,False,False,False,False,True,False,False,True,False,False
236,0,False,True,False,False,False,False,False,False,False,False,True,False,False,False,True,False
237,0,False,True,False,False,False,False,False,False,False,False,True,False,False,False,False,True
238,0,False,True,False,False,False,False,False,False,False,False,True,False,False,False,False,False
239,0,False,True,False,False,False,False,False,False,False,False,False,True,True,False,False,False
240,0,False,True,False,False,False,False,False,False,False,False,False,True,False,True,False,False
241,0,False,True,False,False,False,False,False,False,False,False,False,True,False,False,True,False
242,0,False,True,False,False,False,False,False,False,False,False,False,True,False,False,False,True
243,0,False,True,False,False,False,False,False,False,False,False,False,True,False,False,False,False
244,0,False,True,False,False,False,False,False,False,False,False,False,False,True,False,False,False
245,1,False,True,False,False,False,False,False,False,False,False,False,False,False,True,False,False
246,0,False,True,False,False,False,False,False,False,False,False,False,False,False,False,True,False
247,0,False,True,False,False,False,False,False,False,False,False,False,False,False,False,False,True
248,0,False,True,False,False,False,False,False,False,False,False,False,False,False,False,False,False
249,0,False,False,True,False,True,False,False,False,True,False,False,False,True,False,False,False
250,0,False,False,True,False,True,False,False,False,True,False,False,False,False,True,False,False
251,1,False,False,True,False,True,False,False,False,True,False,False,False,False,False,True,False
252,0,False,False,True,False,True,False,False,False,True,False,False,False,False,False,False,True
253,0,False,False,True,False,True,False,False,False,True,False,False,False,False,False,False,False
254,0,False,False,True,False,True,False,False,False,False,True,False,False,True,False,False,False
255,0,False,False,True,False,True,False,False,False,False,True,False,False,False,True,False,False
256,0,False,False,True,False,True,False,False,False,False,True,False,False,False,False,True,False
257,0,False,False,True,False,True,False,False,False,False,True,False,False,False,False,False,True
258,0,False,False,True,False,True,False,False,False,False,True,False,False,False,False,False,False
259,1,False,False,True,False,True,False,False,False,False,False,True,False,True,False,False,False
260,0,False,False,True,False,True,False,False,False,False,False,True,False,False,True,False,False
261,0,False,False,True,False,True,False,False,False,False,False,True,False,False,False,True,False
262,0,False,False,True,False,True,False,False,False,False,False,True,False,False,False,False,True
263,0,False,False,True,False,True,False,False,False,False,False,True,False,False,False,False,False
264,0,False,False,True,False,True,False,False,False,False,False,False,True,True,False,False,False
265,0,False,False,True,False,True,False,False,False,False,False,False,True,False,True,False,False
266,0,False,False,True,False,True,False,False,False,False,False,False,True,False,False,True,False
267,0,False,False,True,False,True,False,False,False,False,False,False,True,False,False,False,True
268,0,False,False,True,False,True,False,False,False,False,False,False,True,False,False,False,False
269,0,False,False,True,False,True,False,False,False,False,False,False,False,True,False,False,False
270,0,False,False,True,False,True,False,False,False,False,False,False,False,False,True,False,False
271,0,False,False,True,False,True,False,False,False,False,False,False,False,False,False,True,False
272,0,False,False,True,False,True,False,False,False,False,False,False,False,False,False,False,True
273,0,False,False,True,False,True,False,False,False,False,False,False,False,False,False,False,False
274,0,False,False,True,False,False,True,False,False,True,False,False,False,True,False,False,False
275,0,False,False,True,False,False,True,False,False,True,False,False,False,False,True,False,False
276,0,False,False,True,False,False,True,False,False,True,False,False,False,False,False,True,False
277,0,False,False,True,False,False,True,False,False,True,False,False,False,False,False,False,True
278,0,False,False,True,False,False,True,False,False,True,False,False,False,False,False,False,False
279,0,False,False,True,False,False,True,False,False,False,True,False,False,True,False,False,False
280,0,False,False,True,False,False,True,False,False,False,True,False,False,False,True,False,False
281,1,False,False,True,False,False,True,False,False,False,True,False,False,False,False,True,False
282,0,False,False,True,False,False,True,False,False,False,True,False,False,False,False,False,True
283,0,False,False,True,False,False,True,False,False,False,True,False,False,False,False,False,False
284,0,False,False,True,False,False,True,False,False,False,False,True,False,True,False,False,False
285,1,False,False,True,False,False,True,False,False,False,False,True,False,False,True,False,False
286,0,False,False,True,False,False,True,False,False,False,False,True,False,False,False,True,False
287,0,False,False,True,False,False,True,False,False,False,False,True,False,False,False,False,True
288,0,False,False,True,False,False,True,False,False,False,False,True,False,False,False,False,False
289,0,False,False,True,False,False,True,False,False,False,False,False,True,True,False,False,False
290,0,False,False,True,False,False,True,False,False,False,False,False,True,False,True,False,False
291,0,False,False,True,False,False,True,False,False,False,False,False,True,False,False,True,False
292,0,False,False,True,False,False,True,False,False,False,False,False,True,False,False,False,True
293,0,False,False,True,False,False,True,False,False,False,False,False,True,False,False,False,False
294,0,False,False,True,False,False,True,False,False,False,False,False,False,True,False,False,False
295,0,False,False,True,False,False,True,False,False,False,False,False,False,False,True,False,False
296,0,False,False,True,False,False,True,False,False,False,False,False,False,False,False,True,False
297,0,False,False,True,False,False,True,False,False,False,False,False,False,False,False,False,True
298,0,False,False,True,False,False,True,False,False,False,False,False,False,False,False,False,False
299,0,False,False,True,False,False,False,True,False,True,False,False,False,True,False,False,False
300,0,False,False,True,False,False,False,True,False,True,False,False,False,False,True,False,False
301,0,False,False,True,False,False,False,True,False,True,False,False,False,False,False,True,False
302,0,False,False,True,False,False,False,True,False,True,False,False,False,False,False,False,True
303,0,False,False,True,False,False,False,True,False,True,False,False,False,False,False,False,False
304,0,False,False,True,False,False,False,True,False,False,True,False,False,True,False,False,False
305,0,False,False,True,False,False,False,True,False,False,True,False,False,False,True,False,False
306,0,False,False,True,False,False,False,True,False,False,True,False,False,False,False,True,False
307,0,False,False,True,False,False,False,True,False,False,True,False,False,False,False,False,True
308,0,False,False,True,False,False,False,True,False,False,True,False,False,False,False,False,False
309,0,False,False,True,False,False,False,True,False,False,False,True,False,True,False,False,False
310,0,False,False,True,False,False,False,True,False,False,False,True,False,False,True,False,False
311,1,False,False,True,False,False,False,True,False,False,False,True,False,False,False,True,False
312,0,False,False,True,False,False,False,True,False,False,False,True,False,False,False,False,True
313,0,False,False,True,False,False,False,True,False,False,False,True,False,False,False,False,False
314,0,False,False,True,False,False,False,True,False,False,False,False,True,True,False,False,False
315,0,False,False,True,False,False,False,True,False,False,False,False,True,False,True,False,False
316,0,False,False,True,False,False,False,True,False,False,False,False,True,False,False,True,False
317,0,False,False,True,False,False,False,True,False,False,False,False,True,False,False,False,True
318,0,False,False,True,False,False,False,True,False,False,False,False,True,False,False,False,False
319,0,False,False,True,False,False,False,True,False,False,False,False,False,True,False,False,False
320,0,False,False,True,False,False,False,True,False,False,False,False,False,False,True,False,False
321,0,False,False,True,False,False,False,True,False,False,False,False,False,False,False,True,False
322,0,False,False,True,False,False,False,True,False,False,False,False,False,False,False,False,True
323,0,False,False,True,False,False,False,True,False,False,False,False,False,False,False,False,False
324,0,False,False,True,False,False,False,False,True,True,False,False,False,True,False,False,False
325,0,False,False,True,False,False,False,False,True,True,False,False,False,False,True,False,False
326,0,False,False,True,False,False,False,False,True,True,False,False,False,False,False,True,False
327,0,False,False,True,False,False,False,False,True,True,False,False,False,False,False,False,True
328,0,False,False,True,False,False,False,False,True,True,False,False,False,False,False,False,False
329,0,False,False,True,False,False,False,False,True,False,True,False,False,True,False,False,False
330,0,False,False,True,False,False,False,False,True,False,True,False,False,False,True,False,False
331,0,False,False,True,False,False,False,False,True,False,True,False,False,False,False,True,False
332,0,False,False,True,False,False,False,False,True,False,True,False,False,False,False,False,True
333,0,False,False,True,False,False,False,False,True,False,True,False,False,False,False,False,False
334,0,False,False,True,False,False,False,False,True,False,False,True,False,True,False,False,False
335,0,False,False,True,False,False,False,False,True,False,False,True,False,False,True,False,False
336,0,False,False,True,False,False,False,False,True,False,False,True,False,False,False,True,False
337,1,False,False,True,False,False,False,False,True,False,False,True,False,False,False,False,True
338,0,False,False,True,False,False,False,False,True,False,False,True,False,False,False,False,False
339,0,False,False,True,False,False,False,False,True,False,False,False,True,True,False,False,False
340,0,False,False,True,False,False,False,False,True,False,False,False,True,False,True,False,False
341,1,False,False,True,False,False,False,False,True,False,False,False,True,False,False,True,False
342,0,False,False,True,False,False,False,False,True,False,False,False,True,False,False,False,True
343,0,False,False,True,False,False,False,False,True,False,False,False,True,False,False,False,False
344,0,False,False,True,False,False,False,False,True,False,False,False,False,True,False,False,False
345,0,False,False,True,False,False,False,False,True,False,False,False,False,False,True,False,False
346,0,False,False,True,False,False,False,False,True,False,False,False,False,False,False,True,False
347,0,False,False,True,False,False,False,False,True,False,False,False,False,False,False,False,True
348,0,False,False,True,False,False,False,False,True,False,False,False,False,False,False,False,False
349,0,False,False,True,False,False,False,False,False,True,False,False,False,True,False,False,False
350,0,False,False,True,False,False,False,False,False,True,False,False,False,False,True,False,False
351,0,False,False,True,False,False,False,False,False,True,False,False,False,False,False,True,False
352,0,False,False,True,False,False,False,False,False,True,False,False,False,False,False,False,True
353,0,False,False,True,False,False,False,False,False,True,False,False,False,False,False,False,False
354,0,False,False,True,False,False,False,False,False,False,True,False,False,True,False,False,False
355,0,False,False,True,False,False,False,False,False,False,True,False,False,False,True,False,False
356,0,False,False,True,False,False,False,False,False,False,True,False,False,False,False,True,False
357,0,False,False,True,False,False,False,False,False,False,True,False,False,False,False,False,True
358,0,False,False,True,False,False,False,False,False,False,True,False,False,False,False,False,False
359,0,False,False,True,False,False,False,False,False,False,False,True,False,True,False,False,False
360,0,False,False,True,False,False,False,False,False,False,False,True,False,False,True,False,False
361,0,False,False,True,False,False,False,False,False,False,False,True,False,False,False,True,False
362,0,False,False,True,False,False,False,False,False,False,False,True,False,False,False,False,True
363,1,False,False,True,False,False,False,False,False,False,False,True,False,False,False,False,False
364,0,False,False,True,False,False,False,False,False,False,False,False,True,True,False,False,False
365,0,False,False,True,False,False,False,False,False,False,False,False,True,False,True,False,False
366,0,False,False,True,False,False,False,False,False,False,False,False,True,False,False,True,False
367,0,False,False,True,False,False,False,False,False,False,False,False,True,False,False,False,True
368,0,False,False,True,False,False,False,False,False,False,False,False,True,False,False,False,False
369,0,False,False,True,False,False,False,False,False,False,False,False,False,True,False,False,False
370,0,False,False,True,False,False,False,False,False,False,False,False,False,False,True,False,False
371,1,False,False,True,False,False,False,False,False,False,False,False,False,False,False,True,False
372,0,False,False,True,False,False,False,False,False,False,False,False,False,False,False,False,True
373,0,False,False,True,False,False,False,False,False,False,False,False,False,False,False,False,False
374,0,False,False,False,True,True,False,False,False,True,False,False,False,True,False,False,False
375,0,False,False,False,True,True,False,False,False,True,False,False,False,False,True,False,False
376,0,False,False,False,True,True,False,False,False,True,False,False,False,False,False,True,False
377,1,False,False,False,True,True,False,False,False,True,False,False,False,False,False,False,True
378,0,False,False,False,True,True,False,False,False,True,False,False,False,False,False,False,False
379,0,False,False,False,True,True,False,False,False,False,True,False,False,True,False,False,False
380,1,False,False,False,True,True,False,False,False,False,True,False,False,False,True,False,False
381,0,False,False,False,True,True,False,False,False,False,True,False,False,False,False,True,False
382,0,False,False,False,True,True,False,False,False,False,True,False,False,False,False,False,True
383,0,False,False,False,True,True,False,False,False,False,True,False,False,False,False,False,False
384,0,False,False,False,True,True,False,False,False,False,False,True,False,True,False,False,False
385,0,False,False,False,True,True,False,False,False,False,False,True,False,False,True,False,False
386,0,False,False,False,True,True,False,False,False,False,False,True,False,False,False,True,False
387,0,False,False,False,True,True,False,False,False,False,False,True,False,False,False,False,True
388,0,False,False,False,True,True,False,False,False,False,False,True,False,False,False,False,False
389,1,False,False,False,True,True,False,False,False,False,False,False,True,True,False,False,False
390,0,False,False,False,True,True,False,False,False,False,False,False,True,False,True,False,False
391,0,False,False,False,True,True,False,False,False,False,False,False,True,False,False,True,False
392,0,False,False,False,True,True,False,False,False,False,False,False,True,False,False,False,True
393,0,False,False,False,True,True,False,False,False,False,False,False,True,False,False,False,False
394,0,False,False,False,True,True,False,False,False,False,False,False,False,True,False,False,False
395,0,False,False,False,True,True,False,False,False,False,False,False,False,False,True,False,False
396,0,False,False,False,True,True,False,False,False,False,False,False,False,False,False,True,False
397,0,False,False,False,True,True,False,False,False,False,False,False,False,False,False,False,True
398,0,False,False,False,True,True,False,False,False,False,False,False,False,False,False,False,False
399,0,False,False,False,True,False,True,False,False,True,False,False,False,True,False,False,False
400,0,False,False,False,True,False,True,False,False,True,False,False,False,False,True,False,False
401,0,False,False,False,True,False,True,False,False,True,False,False,False,False,False,True,False
402,0,False,False,False,True,False,True,False,False,True,False,False,False,False,False,False,True
403,0,False,False,False,True,False,True,False,False,True,False,False,False,False,False,False,False
404,0,False,False,False,True,False,True,False,False,False,True,False,False,True,False,False,False
405,0,False,False,False,True,False,True,False,False,False,True,False,False,False,True,False,False
406,0,False,False,False,True,False,True,False,False,False,True,False,False,False,False,True,False
407,1,False,False,False,True,False,True,False,False,False,True,False,False,False,False,False,True
408,0,False,False,False,True,False,True,False,False,False,True,False,False,False,False,False,False
409,0,False,False,False,True,False,True,False,False,False,False,True,False,True,False,False,False
410,0,False,False,False,True,False,True,False,False,False,False,True,False,False,True,False,False
411,0,False,False,False,True,False,True,False,False,False,False,True,False,False,False,True,False
412,0,False,False,False,True,False,True,False,False,False,False,True,False,False,False,False,True
413,0,False,False,False,True,False,True,False,False,False,False,True,False,False,False,False,False
414,0,False,False,False,True,False,True,False,False,False,False,False,True,True,False,False,False
415,1,False,False,False,True,False,True,False,False,False,False,False,True,False,True,False,False
416,0,False,False,False,True,False,True,False,False,False,False,False,True,False,False,True,False
417,0,False,False,False,True,False,True,False,False,False,False,False,True,False,False,False,True
418,0,False,False,False,True,False,True,False,False,False,False,False,True,False,False,False,False
419,0,False,False,False,True,False,True,False,False,False,False,False,False,True,False,False,False
420,0,False,False,False,True,False,True,False,False,False,False,False,False,False,True,False,False
421,0,False,False,False,True,False,True,False,False,False,False,False,False,False,False,True,False
422,0,False,False,False,True,False,True,False,False,False,False,False,False,False,False,False,True
423,0,False,False,False,True,False,True,False,False,False,False,False,False,False,False,False,False
424,0,False,False,False,True,False,False,True,False,True,False,False,False,True,False,False,False
425,0,False,False,False,True,False,False,True,False,True,False,False,False,False,True,False,False
426,0,False,False,False,True,False,False,True,False,True,False,False,False,False,False,True,False
427,0,False,False,False,True,False,False,True,False,True,False,False,False,False,False,False,True
428,0,False,False,False,True,False,False,True,False,True,False,False,False,False,False,False,False
429,0,False,False,False,True,False,False,True,False,False,True,False,False,True,False,False,False
430,0,False,False,False,True,False,False,True,False,False,True,False,False,False,True,False,False
431,0,False,False,False,True,False,False,True,False,False,True,False,False,False,False,True,False
432,0,False,False,False,True,False,False,True,False,False,True,False,False,False,False,False,True
433,0,False,False,False,True,False,False,True,False,False,True,False,False,False,False,False,False
434,0,False,False,False,True,False,False,True,False,False,False,True,False,True,False,False,False
435,0,False,False,False,True,False,False,True,False,False,False,True,False,False,True,False,False
436,0,False,False,False,True,False,False,True,False,False,False,True,False,False,False,True,False
437,1,False,False,False,True,False,False,True,False,False,False,True,False,False,False,False,True
438,0,False,False,False,True,False,False,True,False,False,False,True,False,False,False,False,False
439,0,False,False,False,True,False,False,True,False,False,False,False,True,True,False,False,False
440,0,False,False,False,True,False,False,True,False,False,False,False,True,False,True,False,False
441,1,False,False,False,True,False,False,True,False,False,False,False,True,False,False,True,False
442,0,False,False,False,True,False,False,True,False,False,False,False,True,False,False,False,True
443,0,False,False,False,True,False,False,True,False,False,False,False,True,False,False,False,False
444,0,False,False,False,True,False,False,True,False,False,False,False,False,True,False,False,False
445,0,False,False,False,True,False,False,True,False,False,False,False,False,False,True,False,False
446,0,False,False,False,True,False,False,True,False,False,False,False,False,False,False,True,False
447,0,False,False,False,True,False,False,True,False,False,False,False,False,False,False,False,True
448,0,False,False,False,True,False,False,True,False,False,False,False,False,False,False,False,False
449,0,False,False,False,True,False,False,False,True,True,False,False,False,True,False,False,False
450,0,False,False,False,True,False,False,False,True,True,False,False,False,False,True,False,False
451,0,False,False,False,True,False,False,False,True,True,False,False,False,False,False,True,False
452,0,False,False,False,True,False,False,False,True,True,False,False,False,False,False,False,True
453,0,False,False,False,True,False,False,False,True,True,False,False,False,False,False,False,False
454,0,False,False,False,True,False,False,False,True,False,True,False,False,True,False,False,False
455,0,False,False,False,True,False,False,False,True,False,True,False,False,False,True,False,False
456,0,False,False,False,True,False,False,False,True,False,True,False,False,False,False,True,False
457,0,False,False,False,True,False,False,False,True,False,True,False,False,False,False,False,True
458,0,False,False,False,True,False,False,False,True,False,True,False,False,False,False,False,False
459,0,False,False,False,True,False,False,False,True,False,False,True,False,True,False,False,False
460,0,False,False,False,True,False,False,False,True,False,False,True,False,False,True,False,False
461,0,False,False,False,True,False,False,False,True,False,False,True,False,False,False,True,False
462,0,False,False,False,True,False,False,False,True,False,False,True,False,False,False,False,True
463,0,False,False,False,True,False,False,False,True,False,False,True,False,False,False,False,False
464,0,False,False,False,True,False,False,False,True,False,False,False,True,True,False,False,False
465,0,False,False,False,True,False,False,False,True,False,False,False,True,False,True,False,False
466,0,False,False,False,True,False,False,False,True,False,False,False,True,False,False,True,False
467,1,False,False,False,True,False,False,False,True,False,False,False,True,False,False,False,True
468,0,False,False,False,True,False,False,False,True,False,False,False,True,False,False,False,False
469,0,False,False,False,True,False,False,False,True,False,False,False,False,True,False,False,False
470,0,False,False,False,True,False,False,False,True,False,False,False,False,False,True,False,False
471,0,False,False,False,True,False,False,False,True,False,False,False,False,False,False,True,False
472,0,False,False,False,True,False,False,False,True,False,False,False,False,False,False,False,True
473,0,False,False,False,True,False,False,False,True,False,False,False,False,False,False,False,False
474,0,False,False,False,True,False,False,False,False,True,False,False,False,True,False,False,False
475,0,False,False,False,True,False,False,False,False,True,False,False,False,False,True,False,False
476,0,False,False,False,True,False,False,False,False,True,False,False,False,False,False,True,False
477,0,False,False,False,True,False,False,False,False,True,False,False,False,False,False,False,True
478,0,False,False,False,True,False,False,False,False,True,False,False,False,False,False,False,False
479,0,False,False,False,True,False,False,False,False,False,True,False,False,True,False,False,False
480,0,False,False,False,True,False,False,False,False,False,True,False,False,False,True,False,False
481,0,False,False,False,True,False,False,False,False,False,True,False,False,False,False,True,False
482,0,False,False,False,True,False,False,False,False,False,True,False,False,False,False,False,True
483,0,False,False,False,True,False,False,False,False,False,True,False,False,False,False,False,False
484,0,False,False,False,True,False,False,False,False,False,False,True,False,True,False,False,False
485,0,False,False,False,True,False,False,False,False,False,False,True,False,False,True,False,False
486,0,False,False,False,True,False,False,False,False,False,False,True,False,False,False,True,False
487,0,False,False,False,True,False,False,False,False,False,False,True,False,False,False,False,True
488,0,False,False,False,True,False,False,False,False,False,False,True,False,False,False,False,False
489,0,False,False,False,True,False,False,False,False,False,False,False,True,True,False,False,False
490,0,False,False,False,True,False,False,False,False,False,False,False,True,False,True,False,False
491,0,False,False,False,True,False,False,False,False,False,False,False,True,False,False,True,False
492,0,False,False,False,True,False,False,False,False,False,False,False,True,False,False,False,True
493,1,False,False,False,True,False,False,False,False,False,False,False,True,False,False,False,False
494,0,False,False,False,True,False,False,False,False,False,False,False,False,True,False,False,False
495,0,False,False,False,True,False,False,False,False,False,False,False,False,False,True,False,False
496,0,False,False,False,True,False,False,False,False,False,False,False,False,False,False,True,False
497,1,False,False,False,True,False,False,False,False,False,False,False,False,False,False,False,True
498,0,False,False,False,True,False,False,False,False,False,False,False,False,False,False,False,False
499,0,False,False,False,False,True,False,False,False,True,False,False,False,True,False,False,False
500,0,False,False,False,False,True,False,False,False,True,False,False,False,False,True,False,False
501,0,False,False,False,False,True,False,False,False,True,False,False,False,False,False,True,False
502,0,False,False,False,False,True,False,False,False,True,False,False,False,False,False,False,True
503,1,False,False,False,False,True,False,False,False,True,False,False,False,False,False,False,False
504,0,False,False,False,False,True,False,False,False,False,True,False,False,True,False,False,False
505,0,False,False,False,False,True,False,False,False,False,True,False,False,False,True,False,False
506,0,False,False,False,False,True,False,False,False,False,True,False,False,False,False,True,False
507,0,False,False,False,False,True,False,False,False,False,True,False,False,False,False,False,True
508,0,False,False,False,False,True,False,False,False,False,True,False,False,False,False,False,False
509,0,False,False,False,False,True,False,False,False,False,False,True,False,True,False,False,False
510,0,False,False,False,False,True,False,False,False,False,False,True,False,False,True,False,False
511,0,False,False,False,False,True,False,False,False,False,False,True,False,False,False,True,False
512,0,False,False,False,False,True,False,False,False,False,False,True,False,False,False,False,True
513,0,False,False,False,False,True,False,False,False,False,False,True,False,False,False,False,False
514,0,False,False,False,False,True,False,False,False,False,False,False,True,True,False,False,False
515,0,False,False,False,False,True,False,False,False,False,False,False,True,False,True,False,False
516,0,False,False,False,False,True,False,False,False,False,False,False,True,False,False,True,False
517,0,False,False,False,False,True,False,False,False,False,False,False,True,False,False,False,True
518,0,False,False,False,False,True,False,False,False,False,False,False,True,False,False,False,False
519,1,False,False,False,False,True,False,False,False,False,False,False,False,True,False,False,False
520,0,False,False,False,False,True,False,False,False,False,False,False,False,False,True,False,False
521,0,False,False,False,False,True,False,False,False,False,False,False,False,False,False,True,False
522,0,False,False,False,False,True,False,False,False,False,False,False,False,False,False,False,True
523,0,False,False,False,False,True,False,False,False,False,False,False,False,False,False,False,False
524,0,False,False,False,False,False,True,False,False,True,False,False,False,True,False,False,False
525,0,False,False,False,False,False,True,False,False,True,False,False,False,False,True,False,False
526,0,False,False,False,False,False,True,False,False,True,False,False,False,False,False,True,False
527,0,False,False,False,False,False,True,False,False,True,False,False,False,False,False,False,True
528,0,False,False,False,False,False,True,False,False,True,False,False,False,False,False,False,False
529,0,False,False,False,False,False,True,False,False,False,True,False,False,True,False,False,False
530,0,False,False,False,False,False,True,False,False,False,True,False,False,False,True,False,False
531,0,False,False,False,False,False,True,False,False,False,True,False,False,False,False,True,False
532,0,False,False,False,False,False,True,False,False,False,True,False,False,False,False,False,True
533,1,False,False,False,False,False,True,False,False,False,True,False,False,False,False,False,False
534,0,False,False,False,False,False,True,False,False,False,False,True,False,True,False,False,False
535,0,False,False,False,False,False,True,False,False,False,False,True,False,False,True,False,False
536,0,False,False,False,False,False,True,False,False,False,False,True,False,False,False,True,False
537,0,False,False,False,False,False,True,False,False,False,False,True,False,False,False,False,True
538,0,False,False,False,False,False,True,False,False,False,False,True,False,False,False,False,False
539,0,False,False,False,False,False,True,False,False,False,False,False,True,True,False,False,False
540,0,False,False,False,False,False,True,False,False,False,False,False,True,False,True,False,False
541,0,False,False,False,False,False,True,False,False,False,False,False,True,False,False,True,False
542,0,False,False,False,False,False,True,False,False,False,False,False,True,False,False,False,True
543,0,False,False,False,False,False,True,False,False,False,False,False,True,False,False,False,False
544,0,False,False,False,False,False,True,False,False,False,False,False,False,True,False,False,False
545,1,False,False,False,False,False,True,False,False,False,False,False,False,False,True,False,False
546,0,False,False,False,False,False,True,False,False,False,False,False,False,False,False,True,False
547,0,False,False,False,False,False,True,False,False,False,False,False,False,False,False,False,True
548,0,False,False,False,False,False,True,False,False,False,False,False,False,False,False,False,False
549,0,False,False,False,False,False,False,True,False,True,False,False,False,True,False,False,False
550,0,False,False,False,False,False,False,True,False,True,False,False,False,False,True,False,False
551,0,False,False,False,False,False,False,True,False,True,False,False,False,False,False,True,False
552,0,False,False,False,False,False,False,True,False,True,False,False,False,False,False,False,True
553,0,False,False,False,False,False,False,True,False,True,False,False,False,False,False,False,False
554,0,False,False,False,False,False,False,True,False,False,True,False,False,True,False,False,False
555,0,False,False,False,False,False,False,True,False,False,True,False,False,False,True,False,False
556,0,False,False,False,False,False,False,True,False,False,True,False,False,False,False,True,False
557,0,False,False,False,False,False,False,True,False,False,True,False,False,False,False,False,True
558,0,False,False,False,False,False,False,True,False,False,True,False,False,False,False,False,False
559,0,False,False,False,False,False,False,True,False,False,False,True,False,True,False,False,False
560,0,False,False,False,False,False,False,True,False,False,False,True,False,False,True,False,False
561,0,False,False,False,False,False,False,True,False,False,False,True,False,False,False,True,False
562,0,False,False,False,False,False,False,True,False,False,False,True,False,False,False,False,True
563,1,False,False,False,False,False,False,True,False,False,False,True,False,False,False,False,False
564,0,False,False,False,False,False,False,True,False,False,False,False,True,True,False,False,False
565,0,False,False,False,False,False,False,True,False,False,False,False,True,False,True,False,False
566,0,False,False,False,False,False,False,True,False,False,False,False,True,False,False,True,False
567,0,False,False,False,False,False,False,True,False,False,False,False,True,False,False,False,True
568,0,False,False,False,False,False,False,True,False,False,False,False,True,False,False,False,False
569,0,False,False,False,False,False,False,True,False,False,False,False,False,True,False,False,False
570,0,False,False,False,False,False,False,True,False,False,False,False,False,False,True,False,False
571,1,False,False,False,False,False,False,True,False,False,False,False,False,False,False,True,False
572,0,False,False,False,False,False,False,True,False,False,False,False,False,False,False,False,True
573,0,False,False,False,False,False,False,True,False,False,False,False,False,False,False,False,False
574,0,False,False,False,False,False,False,False,True,True,False,False,False,True,False,False,False
575,0,False,False,False,False,False,False,False,True,True,False,False,False,False,True,False,False
576,0,False,False,False,False,False,False,False,True,True,False,False,False,False,False,True,False
577,0,False,False,False,False,False,False,False,True,True,False,False,False,False,False,False,True
578,0,False,False,False,False,False,False,False,True,True,False,False,False,False,False,False,False
579,0,False,False,False,False,False,False,False,True,False,True,False,False,True,False,False,False
580,0,False,False,False,False,False,False,False,True,False,True,False,False,False,True,False,False
581,0,False,False,False,False,False,False,False,True,False,True,False,False,False,False,True,False
582,0,False,False,False,False,False,False,False,True,False,True,False,False,False,False,False,True
583,0,False,False,False,False,False,False,False,True,False,True,False,False,False,False,False,False
584,0,False,False,False,False,False,False,False,True,False,False,True,False,True,False,False,False
585,0,False,False,False,False,False,False,False,True,False,False,True,False,False,True,False,False
586,0,False,False,False,False,False,False,False,True,False,False,True,False,False,False,True,False
587,0,False,False,False,False,False,False,False,True,False,False,True,False,False,False,False,True
588,0,False,False,False,False,False,False,False,True,False,False,True,False,False,False,False,False
589,0,False,False,False,False,False,False,False,True,False,False,False,True,True,False,False,False
590,0,False,False,False,False,False,False,False,True,False,False,False,True,False,True,False,False
591,0,False,False,False,False,False,False,False,True,False,False,False,True,False,False,True,False
592,0,False,False,False,False,False,False,False,True,False,False,False,True,False,False,False,True
593,1,False,False,False,False,False,False,False,True,False,False,False,True,False,False,False,False
594,0,False,False,False,False,False,False,False,True,False,False,False,False,True,False,False,False
595,0,False,False,False,False,False,False,False,True,False,False,False,False,False,True,False,False
596,0,False,False,False,False,False,False,False,True,False,False,False,False,False,False,True,False
597,1,False,False,False,False,False,False,False,True,False,False,False,False,False,False,False,True
598,0,False,False,False,False,False,False,False,True,False,False,False,False,False,False,False,False
599,0,False,False,False,False,False,False,False,False,True,False,False,False,True,False,False,False
600,0,False,False,False,False,False,False,False,False,True,False,False,False,False,True,False,False
601,0,False,False,False,False,False,False,False,False,True,False,False,False,False,False,True,False
602,0,False,False,False,False,False,False,False,False,True,False,False,False,False,False,False,True
603,0,False,False,False,False,False,False,False,False,True,False,False,False,False,False,False,False
604,0,False,False,False,False,False,False,False,False,False,True,False,False,True,False,False,False
605,0,False,False,False,False,False,False,False,False,False,True,False,False,False,True,False,False
606,0,False,False,False,False,False,False,False,False,False,True,False,False,False,False,True,False
607,0,False,False,False,False,False,False,False,False,False,True,False,False,False,False,False,True
608,0,False,False,False,False,False,False,False,False,False,True,False,False,False,False,False,False
609,0,False,False,False,False,False,False,False,False,False,False,True,False,True,False,False,False
610,0,False,False,False,False,False,False,False,False,False,False,True,False,False,True,False,False
611,0,False,False,False,False,False,False,False,False,False,False,True,False,False,False,True,False
612,0,False,False,False,False,False,False,False,False,False,False,True,False,False,False,False,True
613,0,False,False,False,False,False,False,False,False,False,False,True,False,False,False,False,False
614,0,False,False,False,False,False,False,False,False,False,False,False,True,True,False,False,False
615,0,False,False,False,False,False,False,False,False,False,False,False,True,False,True,False,False
616,0,False,False,False,False,False,False,False,False,False,False,False,True,False,False,True,False
617,0,False,False,False,False,False,False,False,False,False,False,False,True,False,False,False,True
618,0,False,False,False,False,False,False,False,False,False,False,False,True,False,False,False,False
619,0,False,False,False,False,False,False,False,False,False,False,False,False,True,False,False,False
620,0,False,False,False,False,False,False,False,False,False,False,False,False,False,True,False,False
621,0,False,False,False,False,False,False,False,False,False,False,False,False,False,False,True,False
622,0,False,False,False,False,False,False,False,False,False,False,False,False,False,False,False,True
623,1,False,False,False,False,False,False,False,False,False,False,False,False,False,False,False,False
